material,model,date,which,soap_cosine_similarity,path,note
BaFeO3,deepseek,2025-07-15,earliest,0.99721667,/home/bingxing2/ailab/xiazeyu_p/Programs/vasp_benchmark/material_evaluator/runs/2025_07_15/relax_deepseek-v3-11_28_30/BaFeO3,
BaFeO3,gpt-4o,2025-07-15,earliest,0.99711332,/home/bingxing2/ailab/xiazeyu_p/Programs/vasp_benchmark/material_evaluator/runs/2025_07_15/relax_gpt-4o-14_54_34/BaFeO3,
BaFeO3,Qwen,2025-07-16,earliest,0.99721039,/home/bingxing2/ailab/xiazeyu_p/Programs/vasp_benchmark/material_evaluator/runs/2025_07_16/relax_Qwen/Qwen3-32B-13_14_02/BaFeO3,
BaFeO3,o4,2025-07-15,earliest,0.99722124,/home/bingxing2/ailab/xiazeyu_p/Programs/vasp_benchmark/material_evaluator/runs/2025_07_15/relax_o4-mini-23_18_14/BaFeO3,
BaFeO3,gemini,2025-07-23,earliest,0.99906238,/home/bingxing2/ailab/xiazeyu_p/Programs/vasp_benchmark/material_evaluator/runs/2025_07_23/relax_gemini-2.5-pro-thinking-00_47_04/BaFeO3,
BaFeO3,claude,2025-07-16,earliest,0.99991028,/home/bingxing2/ailab/xiazeyu_p/Programs/vasp_benchmark/material_evaluator/runs/2025_07_16/relax_claude-3-7-sonnet-thinking-16_24_09/BaFeO3,
BaTiO3,deepseek,2025-07-02,earliest,0.99999897,/home/bingxing2/ailab/xiazeyu_p/Programs/vasp_benchmark/material_evaluator/runs/2025_07_02/relax_deepseek-v3-16_15_34/BaTiO3,
BaTiO3,deepseek,2025-07-15,latest,0.99831083,/home/bingxing2/ailab/xiazeyu_p/Programs/vasp_benchmark/material_evaluator/runs/2025_07_15/relax_deepseek-v3-11_28_30/BaTiO3,
BaTiO3,gpt-4o,2025-07-02,earliest,0.99999826,/home/bingxing2/ailab/xiazeyu_p/Programs/vasp_benchmark/material_evaluator/runs/2025_07_02/relax_gpt-4o-22_52_29/BaTiO3,
BaTiO3,gpt-4o,2025-07-15,latest,0.99836460,/home/bingxing2/ailab/xiazeyu_p/Programs/vasp_benchmark/material_evaluator/runs/2025_07_15/relax_gpt-4o-15_43_35/BaTiO3,
BaTiO3,Qwen,2025-07-03,earliest,0.99999929,/home/bingxing2/ailab/xiazeyu_p/Programs/vasp_benchmark/material_evaluator/runs/2025_07_03/relax_Qwen/Qwen3-32B-06_52_48/BaTiO3,
BaTiO3,Qwen,2025-07-16,latest,0.99935289,/home/bingxing2/ailab/xiazeyu_p/Programs/vasp_benchmark/material_evaluator/runs/2025_07_16/relax_Qwen/Qwen3-32B-13_14_02/BaTiO3,
BaTiO3,o4,2025-07-03,earliest,0.99999825,/home/bingxing2/ailab/xiazeyu_p/Programs/vasp_benchmark/material_evaluator/runs/2025_07_03/relax_o4-mini-03_18_49/BaTiO3,
BaTiO3,o4,2025-07-15,latest,0.99999825,/home/bingxing2/ailab/xiazeyu_p/Programs/vasp_benchmark/material_evaluator/runs/2025_07_15/relax_o4-mini-23_24_43/BaTiO3,
BaTiO3,gemini,2025-07-03,earliest,0.99999897,/home/bingxing2/ailab/xiazeyu_p/Programs/vasp_benchmark/material_evaluator/runs/2025_07_03/relax_gemini-2.5-pro-exp-03-25-10_08_34/BaTiO3,
BaTiO3,gemini,2025-07-23,latest,0.99999900,/home/bingxing2/ailab/xiazeyu_p/Programs/vasp_benchmark/material_evaluator/runs/2025_07_23/relax_gemini-2.5-pro-thinking-00_59_58/BaTiO3,
BaTiO3,claude,2025-07-03,earliest,0.99999959,/home/bingxing2/ailab/xiazeyu_p/Programs/vasp_benchmark/material_evaluator/runs/2025_07_03/relax_claude-3-7-sonnet-thinking-15_02_12/BaTiO3,
BaTiO3,claude,2025-07-16,latest,0.99999969,/home/bingxing2/ailab/xiazeyu_p/Programs/vasp_benchmark/material_evaluator/runs/2025_07_16/relax_claude-3-7-sonnet-thinking-16_32_52/BaTiO3,
Bi2Te3,deepseek,2025-07-02,earliest,0.99992216,/home/bingxing2/ailab/xiazeyu_p/Programs/vasp_benchmark/material_evaluator/runs/2025_07_02/relax_deepseek-v3-13_03_20/Bi2Te3,
Bi2Te3,deepseek,2025-07-15,latest,0.99996187,/home/bingxing2/ailab/xiazeyu_p/Programs/vasp_benchmark/material_evaluator/runs/2025_07_15/relax_deepseek-v3-11_27_23/Bi2Te3,
Bi2Te3,gpt-4o,2025-07-02,earliest,0.99703928,/home/bingxing2/ailab/xiazeyu_p/Programs/vasp_benchmark/material_evaluator/runs/2025_07_02/relax_gpt-4o-19_56_06/Bi2Te3,
Bi2Te3,gpt-4o,2025-07-15,latest,0.99995832,/home/bingxing2/ailab/xiazeyu_p/Programs/vasp_benchmark/material_evaluator/runs/2025_07_15/relax_gpt-4o-12_37_04/Bi2Te3,
Bi2Te3,Qwen,2025-07-03,earliest,0.99996567,/home/bingxing2/ailab/xiazeyu_p/Programs/vasp_benchmark/material_evaluator/runs/2025_07_03/relax_Qwen/Qwen3-32B-05_19_03/Bi2Te3,
Bi2Te3,Qwen,2025-07-16,latest,0.99995536,/home/bingxing2/ailab/xiazeyu_p/Programs/vasp_benchmark/material_evaluator/runs/2025_07_16/relax_Qwen/Qwen3-32B-02_53_29/Bi2Te3,
Bi2Te3,o4,2025-07-03,earliest,0.99995944,/home/bingxing2/ailab/xiazeyu_p/Programs/vasp_benchmark/material_evaluator/runs/2025_07_03/relax_o4-mini-00_25_06/Bi2Te3,
Bi2Te3,o4,2025-07-15,latest,0.99994758,/home/bingxing2/ailab/xiazeyu_p/Programs/vasp_benchmark/material_evaluator/runs/2025_07_15/relax_o4-mini-18_32_04/Bi2Te3,
Bi2Te3,gemini,2025-07-03,earliest,0.99915123,/home/bingxing2/ailab/xiazeyu_p/Programs/vasp_benchmark/material_evaluator/runs/2025_07_03/relax_gemini-2.5-pro-exp-03-25-08_21_23/Bi2Te3,
Bi2Te3,gemini,2025-07-23,latest,0.99994937,/home/bingxing2/ailab/xiazeyu_p/Programs/vasp_benchmark/material_evaluator/runs/2025_07_23/relax_gemini-2.5-pro-thinking-00_16_40/Bi2Te3,
Bi2Te3,claude,2025-07-16,earliest,0.99995020,/home/bingxing2/ailab/xiazeyu_p/Programs/vasp_benchmark/material_evaluator/runs/2025_07_16/relax_claude-3-7-sonnet-thinking-14_09_19/Bi2Te3,
BN,deepseek,2025-07-02,earliest,0.99999999,/home/bingxing2/ailab/xiazeyu_p/Programs/vasp_benchmark/material_evaluator/runs/2025_07_02/relax_deepseek-v3-15_46_53/BN,
BN,deepseek,2025-07-15,latest,0.99999998,/home/bingxing2/ailab/xiazeyu_p/Programs/vasp_benchmark/material_evaluator/runs/2025_07_15/relax_deepseek-v3-11_27_40/BN,
BN,gpt-4o,2025-07-02,earliest,0.99999983,/home/bingxing2/ailab/xiazeyu_p/Programs/vasp_benchmark/material_evaluator/runs/2025_07_02/relax_gpt-4o-21_22_07/BN,
BN,gpt-4o,2025-07-15,latest,0.99999999,/home/bingxing2/ailab/xiazeyu_p/Programs/vasp_benchmark/material_evaluator/runs/2025_07_15/relax_gpt-4o-13_58_23/BN,
BN,Qwen,2025-07-03,earliest,0.99999998,/home/bingxing2/ailab/xiazeyu_p/Programs/vasp_benchmark/material_evaluator/runs/2025_07_03/relax_Qwen/Qwen3-32B-06_25_19/BN,
BN,Qwen,2025-07-16,latest,0.99999999,/home/bingxing2/ailab/xiazeyu_p/Programs/vasp_benchmark/material_evaluator/runs/2025_07_16/relax_Qwen/Qwen3-32B-13_11_57/BN,
BN,o4,2025-07-03,earliest,0.99999999,/home/bingxing2/ailab/xiazeyu_p/Programs/vasp_benchmark/material_evaluator/runs/2025_07_03/relax_o4-mini-02_23_27/BN,
BN,o4,2025-07-15,latest,0.99999998,/home/bingxing2/ailab/xiazeyu_p/Programs/vasp_benchmark/material_evaluator/runs/2025_07_15/relax_o4-mini-21_08_04/BN,
BN,gemini,2025-06-26,earliest,0.99425722,/home/bingxing2/ailab/xiazeyu_p/Programs/vasp_benchmark/material_evaluator/runs/2025_06_26/relax_gemini-2.5-pro-exp-03-25-21_10_04/BN,
BN,gemini,2025-07-23,latest,0.99999998,/home/bingxing2/ailab/xiazeyu_p/Programs/vasp_benchmark/material_evaluator/runs/2025_07_23/relax_gemini-2.5-pro-thinking-00_17_29/BN,
BN,claude,2025-07-03,earliest,0.99999999,/home/bingxing2/ailab/xiazeyu_p/Programs/vasp_benchmark/material_evaluator/runs/2025_07_03/relax_claude-3-7-sonnet-thinking-14_52_43/BN,
BN,claude,2025-07-16,latest,1.00000000,/home/bingxing2/ailab/xiazeyu_p/Programs/vasp_benchmark/material_evaluator/runs/2025_07_16/relax_claude-3-7-sonnet-thinking-14_58_19/BN,
CaCO3,deepseek,2025-07-02,earliest,0.99952249,/home/bingxing2/ailab/xiazeyu_p/Programs/vasp_benchmark/material_evaluator/runs/2025_07_02/relax_deepseek-v3-12_59_25/CaCO3,
CaCO3,deepseek,2025-07-15,latest,0.99993101,/home/bingxing2/ailab/xiazeyu_p/Programs/vasp_benchmark/material_evaluator/runs/2025_07_15/relax_deepseek-v3-11_25_30/CaCO3,
CaCO3,gpt-4o,2025-07-02,earliest,0.99996255,/home/bingxing2/ailab/xiazeyu_p/Programs/vasp_benchmark/material_evaluator/runs/2025_07_02/relax_gpt-4o-19_54_13/CaCO3,
CaCO3,gpt-4o,2025-07-15,latest,0.99993094,/home/bingxing2/ailab/xiazeyu_p/Programs/vasp_benchmark/material_evaluator/runs/2025_07_15/relax_gpt-4o-11_28_36/CaCO3,
CaCO3,Qwen,2025-07-03,earliest,0.99994663,/home/bingxing2/ailab/xiazeyu_p/Programs/vasp_benchmark/material_evaluator/runs/2025_07_03/relax_Qwen/Qwen3-32B-03_57_20/CaCO3,
CaCO3,Qwen,2025-07-16,latest,0.99996206,/home/bingxing2/ailab/xiazeyu_p/Programs/vasp_benchmark/material_evaluator/runs/2025_07_16/relax_Qwen/Qwen3-32B-00_16_29/CaCO3,
CaCO3,o4,2025-07-02,earliest,0.99995786,/home/bingxing2/ailab/xiazeyu_p/Programs/vasp_benchmark/material_evaluator/runs/2025_07_02/relax_o4-mini-23_43_18/CaCO3,
CaCO3,o4,2025-07-15,latest,0.99994737,/home/bingxing2/ailab/xiazeyu_p/Programs/vasp_benchmark/material_evaluator/runs/2025_07_15/relax_o4-mini-17_06_04/CaCO3,
CaCO3,gemini,2025-06-26,earliest,0.99841991,/home/bingxing2/ailab/xiazeyu_p/Programs/vasp_benchmark/material_evaluator/runs/2025_06_26/relax_gemini-2.5-pro-exp-03-25-21_15_40/CaCO3,
CaCO3,gemini,2025-07-23,latest,0.99994870,/home/bingxing2/ailab/xiazeyu_p/Programs/vasp_benchmark/material_evaluator/runs/2025_07_23/relax_gemini-2.5-pro-thinking-00_15_31/CaCO3,
CaCO3,claude,2025-07-03,earliest,0.99996184,/home/bingxing2/ailab/xiazeyu_p/Programs/vasp_benchmark/material_evaluator/runs/2025_07_03/relax_claude-3-7-sonnet-thinking-10_08_35/CaCO3,
CaCO3,claude,2025-07-16,latest,0.99994989,/home/bingxing2/ailab/xiazeyu_p/Programs/vasp_benchmark/material_evaluator/runs/2025_07_16/relax_claude-3-7-sonnet-thinking-13_28_23/CaCO3,
CaF2,deepseek,2025-07-02,earliest,0.99999844,/home/bingxing2/ailab/xiazeyu_p/Programs/vasp_benchmark/material_evaluator/runs/2025_07_02/relax_deepseek-v3-13_00_19/CaF2,
CaF2,deepseek,2025-07-15,latest,0.99999725,/home/bingxing2/ailab/xiazeyu_p/Programs/vasp_benchmark/material_evaluator/runs/2025_07_15/relax_deepseek-v3-11_25_45/CaF2,
CaF2,gpt-4o,2025-07-02,earliest,0.99999754,/home/bingxing2/ailab/xiazeyu_p/Programs/vasp_benchmark/material_evaluator/runs/2025_07_02/relax_gpt-4o-19_54_43/CaF2,
CaF2,gpt-4o,2025-07-15,latest,0.99999815,/home/bingxing2/ailab/xiazeyu_p/Programs/vasp_benchmark/material_evaluator/runs/2025_07_15/relax_gpt-4o-11_44_00/CaF2,
CaF2,Qwen,2025-07-03,earliest,0.99845411,/home/bingxing2/ailab/xiazeyu_p/Programs/vasp_benchmark/material_evaluator/runs/2025_07_03/relax_Qwen/Qwen3-32B-04_19_12/CaF2,
CaF2,Qwen,2025-07-16,latest,0.99999893,/home/bingxing2/ailab/xiazeyu_p/Programs/vasp_benchmark/material_evaluator/runs/2025_07_16/relax_Qwen/Qwen3-32B-01_54_21/CaF2,
CaF2,o4,2025-07-03,earliest,0.99999930,/home/bingxing2/ailab/xiazeyu_p/Programs/vasp_benchmark/material_evaluator/runs/2025_07_03/relax_o4-mini-00_01_52/CaF2,
CaF2,o4,2025-07-15,latest,0.99999908,/home/bingxing2/ailab/xiazeyu_p/Programs/vasp_benchmark/material_evaluator/runs/2025_07_15/relax_o4-mini-17_36_34/CaF2,
CaF2,gemini,2025-06-26,earliest,0.99636264,/home/bingxing2/ailab/xiazeyu_p/Programs/vasp_benchmark/material_evaluator/runs/2025_06_26/relax_gemini-2.5-pro-exp-03-25-21_05_10/CaF2,
CaF2,gemini,2025-07-23,latest,0.99999919,/home/bingxing2/ailab/xiazeyu_p/Programs/vasp_benchmark/material_evaluator/runs/2025_07_23/relax_gemini-2.5-pro-thinking-00_15_57/CaF2,
CaF2,claude,2025-07-03,earliest,0.99999850,/home/bingxing2/ailab/xiazeyu_p/Programs/vasp_benchmark/material_evaluator/runs/2025_07_03/relax_claude-3-7-sonnet-thinking-10_11_24/CaF2,
CaF2,claude,2025-07-16,latest,0.99999860,/home/bingxing2/ailab/xiazeyu_p/Programs/vasp_benchmark/material_evaluator/runs/2025_07_16/relax_claude-3-7-sonnet-thinking-13_28_44/CaF2,
CoSb3,deepseek,2025-07-02,earliest,0.99998640,/home/bingxing2/ailab/xiazeyu_p/Programs/vasp_benchmark/material_evaluator/runs/2025_07_02/relax_deepseek-v3-14_10_34/CoSb3,
CoSb3,deepseek,2025-07-15,latest,0.99998760,/home/bingxing2/ailab/xiazeyu_p/Programs/vasp_benchmark/material_evaluator/runs/2025_07_15/relax_deepseek-v3-11_27_35/CoSb3,
CoSb3,gpt-4o,2025-07-02,earliest,0.99998922,/home/bingxing2/ailab/xiazeyu_p/Programs/vasp_benchmark/material_evaluator/runs/2025_07_02/relax_gpt-4o-20_39_49/CoSb3,
CoSb3,gpt-4o,2025-07-15,latest,0.99998916,/home/bingxing2/ailab/xiazeyu_p/Programs/vasp_benchmark/material_evaluator/runs/2025_07_15/relax_gpt-4o-13_13_49/CoSb3,
CoSb3,Qwen,2025-07-16,earliest,0.99999324,/home/bingxing2/ailab/xiazeyu_p/Programs/vasp_benchmark/material_evaluator/runs/2025_07_16/relax_Qwen/Qwen3-32B-13_11_04/CoSb3,
CoSb3,o4,2025-07-03,earliest,0.99999273,/home/bingxing2/ailab/xiazeyu_p/Programs/vasp_benchmark/material_evaluator/runs/2025_07_03/relax_o4-mini-01_37_43/CoSb3,
CoSb3,o4,2025-07-15,latest,0.99998448,/home/bingxing2/ailab/xiazeyu_p/Programs/vasp_benchmark/material_evaluator/runs/2025_07_15/relax_o4-mini-20_29_55/CoSb3,
CoSb3,gemini,2025-07-03,earliest,0.99998844,/home/bingxing2/ailab/xiazeyu_p/Programs/vasp_benchmark/material_evaluator/runs/2025_07_03/relax_gemini-2.5-pro-exp-03-25-08_57_52/CoSb3,
CoSb3,gemini,2025-07-23,latest,0.99998864,/home/bingxing2/ailab/xiazeyu_p/Programs/vasp_benchmark/material_evaluator/runs/2025_07_23/relax_gemini-2.5-pro-thinking-00_16_59/CoSb3,
CoSb3,claude,2025-07-16,earliest,0.99999148,/home/bingxing2/ailab/xiazeyu_p/Programs/vasp_benchmark/material_evaluator/runs/2025_07_16/relax_claude-3-7-sonnet-thinking-14_30_02/CoSb3,
Cu,deepseek,2025-07-02,earliest,0.99999969,/home/bingxing2/ailab/xiazeyu_p/Programs/vasp_benchmark/material_evaluator/runs/2025_07_02/relax_deepseek-v3-16_01_04/Cu,
Cu,deepseek,2025-07-15,latest,0.99999979,/home/bingxing2/ailab/xiazeyu_p/Programs/vasp_benchmark/material_evaluator/runs/2025_07_15/relax_deepseek-v3-11_27_56/Cu,
Cu,gpt-4o,2025-07-02,earliest,0.99996212,/home/bingxing2/ailab/xiazeyu_p/Programs/vasp_benchmark/material_evaluator/runs/2025_07_02/relax_gpt-4o-21_51_03/Cu,
Cu,gpt-4o,2025-07-15,latest,0.99999986,/home/bingxing2/ailab/xiazeyu_p/Programs/vasp_benchmark/material_evaluator/runs/2025_07_15/relax_gpt-4o-14_17_32/Cu,
Cu,Qwen,2025-07-03,earliest,0.99968557,/home/bingxing2/ailab/xiazeyu_p/Programs/vasp_benchmark/material_evaluator/runs/2025_07_03/relax_Qwen/Qwen3-32B-06_38_19/Cu,
Cu,Qwen,2025-07-16,latest,0.99996223,/home/bingxing2/ailab/xiazeyu_p/Programs/vasp_benchmark/material_evaluator/runs/2025_07_16/relax_Qwen/Qwen3-32B-13_12_29/Cu,
Cu,o4,2025-07-03,earliest,0.99999983,/home/bingxing2/ailab/xiazeyu_p/Programs/vasp_benchmark/material_evaluator/runs/2025_07_03/relax_o4-mini-03_07_36/Cu,
Cu,o4,2025-07-15,latest,0.99999981,/home/bingxing2/ailab/xiazeyu_p/Programs/vasp_benchmark/material_evaluator/runs/2025_07_15/relax_o4-mini-22_25_00/Cu,
Cu,gemini,2025-06-26,earliest,0.99993151,/home/bingxing2/ailab/xiazeyu_p/Programs/vasp_benchmark/material_evaluator/runs/2025_06_26/relax_gemini-2.5-pro-exp-03-25-20_36_49/Cu,
Cu,gemini,2025-07-23,latest,0.99999724,/home/bingxing2/ailab/xiazeyu_p/Programs/vasp_benchmark/material_evaluator/runs/2025_07_23/relax_gemini-2.5-pro-thinking-00_18_07/Cu,
Cu,claude,2025-07-16,earliest,0.99996342,/home/bingxing2/ailab/xiazeyu_p/Programs/vasp_benchmark/material_evaluator/runs/2025_07_16/relax_claude-3-7-sonnet-thinking-15_54_39/Cu,
Fe,deepseek,2025-07-15,earliest,0.99813463,/home/bingxing2/ailab/xiazeyu_p/Programs/vasp_benchmark/material_evaluator/runs/2025_07_15/relax_deepseek-v3-11_27_56/Fe,
Fe,gpt-4o,2025-07-02,earliest,0.99793486,/home/bingxing2/ailab/xiazeyu_p/Programs/vasp_benchmark/material_evaluator/runs/2025_07_02/relax_gpt-4o-21_44_17/Fe,
Fe,gpt-4o,2025-07-15,latest,0.99813463,/home/bingxing2/ailab/xiazeyu_p/Programs/vasp_benchmark/material_evaluator/runs/2025_07_15/relax_gpt-4o-14_13_49/Fe,
Fe,Qwen,2025-07-16,earliest,0.99829656,/home/bingxing2/ailab/xiazeyu_p/Programs/vasp_benchmark/material_evaluator/runs/2025_07_16/relax_Qwen/Qwen3-32B-13_12_02/Fe,
Fe,o4,2025-07-03,earliest,0.99771977,/home/bingxing2/ailab/xiazeyu_p/Programs/vasp_benchmark/material_evaluator/runs/2025_07_03/relax_o4-mini-02_36_48/Fe,
Fe,o4,2025-07-15,latest,0.99791723,/home/bingxing2/ailab/xiazeyu_p/Programs/vasp_benchmark/material_evaluator/runs/2025_07_15/relax_o4-mini-22_25_00/Fe,
Fe,gemini,2025-07-23,earliest,0.99999852,/home/bingxing2/ailab/xiazeyu_p/Programs/vasp_benchmark/material_evaluator/runs/2025_07_23/relax_gemini-2.5-pro-thinking-00_18_07/Fe,
Fe,claude,2025-07-16,earliest,0.99800173,/home/bingxing2/ailab/xiazeyu_p/Programs/vasp_benchmark/material_evaluator/runs/2025_07_16/relax_claude-3-7-sonnet-thinking-15_34_38/Fe,
FeS2,deepseek,2025-07-02,earliest,0.99997654,/home/bingxing2/ailab/xiazeyu_p/Programs/vasp_benchmark/material_evaluator/runs/2025_07_02/relax_deepseek-v3-13_03_20/FeS2,
FeS2,deepseek,2025-07-15,latest,0.99999036,/home/bingxing2/ailab/xiazeyu_p/Programs/vasp_benchmark/material_evaluator/runs/2025_07_15/relax_deepseek-v3-11_27_23/FeS2,
FeS2,gpt-4o,2025-07-15,earliest,0.99997209,/home/bingxing2/ailab/xiazeyu_p/Programs/vasp_benchmark/material_evaluator/runs/2025_07_15/relax_gpt-4o-12_22_37/FeS2,
FeS2,Qwen,2025-07-03,earliest,0.99997898,/home/bingxing2/ailab/xiazeyu_p/Programs/vasp_benchmark/material_evaluator/runs/2025_07_03/relax_Qwen/Qwen3-32B-05_03_59/FeS2,
FeS2,Qwen,2025-07-22,latest,0.99997468,/home/bingxing2/ailab/xiazeyu_p/Programs/vasp_benchmark/material_evaluator/runs/2025_07_22/relax_Qwen/Qwen3-32B-18_08_06/FeS2,
FeS2,o4,2025-07-03,earliest,0.99997284,/home/bingxing2/ailab/xiazeyu_p/Programs/vasp_benchmark/material_evaluator/runs/2025_07_03/relax_o4-mini-00_23_32/FeS2,
FeS2,o4,2025-07-15,latest,0.99997126,/home/bingxing2/ailab/xiazeyu_p/Programs/vasp_benchmark/material_evaluator/runs/2025_07_15/relax_o4-mini-18_27_55/FeS2,
FeS2,gemini,2025-06-26,earliest,0.99667825,/home/bingxing2/ailab/xiazeyu_p/Programs/vasp_benchmark/material_evaluator/runs/2025_06_26/relax_gemini-2.5-pro-exp-03-25-21_27_28/FeS2,
FeS2,gemini,2025-07-23,latest,0.99996396,/home/bingxing2/ailab/xiazeyu_p/Programs/vasp_benchmark/material_evaluator/runs/2025_07_23/relax_gemini-2.5-pro-thinking-00_16_33/FeS2,
FeS2,claude,2025-07-16,earliest,0.99997110,/home/bingxing2/ailab/xiazeyu_p/Programs/vasp_benchmark/material_evaluator/runs/2025_07_16/relax_claude-3-7-sonnet-thinking-14_08_06/FeS2,
FeSe,deepseek,2025-07-02,earliest,0.99999368,/home/bingxing2/ailab/xiazeyu_p/Programs/vasp_benchmark/material_evaluator/runs/2025_07_02/relax_deepseek-v3-15_50_03/FeSe,
FeSe,deepseek,2025-07-15,latest,0.99999411,/home/bingxing2/ailab/xiazeyu_p/Programs/vasp_benchmark/material_evaluator/runs/2025_07_15/relax_deepseek-v3-11_27_57/FeSe,
FeSe,gpt-4o,2025-07-02,earliest,0.99991926,/home/bingxing2/ailab/xiazeyu_p/Programs/vasp_benchmark/material_evaluator/runs/2025_07_02/relax_gpt-4o-21_41_48/FeSe,
FeSe,gpt-4o,2025-07-15,latest,0.99385890,/home/bingxing2/ailab/xiazeyu_p/Programs/vasp_benchmark/material_evaluator/runs/2025_07_15/relax_gpt-4o-14_03_28/FeSe,
FeSe,Qwen,2025-07-16,earliest,0.99613682,/home/bingxing2/ailab/xiazeyu_p/Programs/vasp_benchmark/material_evaluator/runs/2025_07_16/relax_Qwen/Qwen3-32B-13_12_04/FeSe,
FeSe,o4,2025-07-03,earliest,0.99997424,/home/bingxing2/ailab/xiazeyu_p/Programs/vasp_benchmark/material_evaluator/runs/2025_07_03/relax_o4-mini-02_30_42/FeSe,
FeSe,o4,2025-07-15,latest,0.99999575,/home/bingxing2/ailab/xiazeyu_p/Programs/vasp_benchmark/material_evaluator/runs/2025_07_15/relax_o4-mini-21_24_59/FeSe,
FeSe,gemini,2025-07-23,earliest,0.99992689,/home/bingxing2/ailab/xiazeyu_p/Programs/vasp_benchmark/material_evaluator/runs/2025_07_23/relax_gemini-2.5-pro-thinking-00_17_29/FeSe,
FeSe,claude,2025-07-16,earliest,0.99680290,/home/bingxing2/ailab/xiazeyu_p/Programs/vasp_benchmark/material_evaluator/runs/2025_07_16/relax_claude-3-7-sonnet-thinking-15_15_44/FeSe,
Li10Ge(PS6)2,deepseek,2025-07-10,earliest,0.99944143,/home/bingxing2/ailab/xiazeyu_p/Programs/vasp_benchmark/material_evaluator/runs/2025_07_10/relax_deepseek-v3-11_35_59/Li10Ge(PS6)2,
Li10Ge(PS6)2,deepseek,2025-07-15,latest,0.99989608,/home/bingxing2/ailab/xiazeyu_p/Programs/vasp_benchmark/material_evaluator/runs/2025_07_15/relax_deepseek-v3-11_25_34/Li10Ge(PS6)2,
Li10Ge(PS6)2,gpt-4o,2025-07-10,earliest,0.99986710,/home/bingxing2/ailab/xiazeyu_p/Programs/vasp_benchmark/material_evaluator/runs/2025_07_10/relax_gpt-4o-11_36_41/Li10Ge(PS6)2,
Li10Ge(PS6)2,gpt-4o,2025-07-15,latest,0.99945668,/home/bingxing2/ailab/xiazeyu_p/Programs/vasp_benchmark/material_evaluator/runs/2025_07_15/relax_gpt-4o-11_28_47/Li10Ge(PS6)2,
Li10Ge(PS6)2,Qwen,2025-07-10,earliest,0.99999156,/home/bingxing2/ailab/xiazeyu_p/Programs/vasp_benchmark/material_evaluator/runs/2025_07_10/relax_Qwen/Qwen3-32B-11_37_24/Li10Ge(PS6)2,
Li10Ge(PS6)2,Qwen,2025-07-16,latest,0.99942336,/home/bingxing2/ailab/xiazeyu_p/Programs/vasp_benchmark/material_evaluator/runs/2025_07_16/relax_Qwen/Qwen3-32B-00_59_00/Li10Ge(PS6)2,
Li10Ge(PS6)2,o4,2025-07-10,earliest,0.99981541,/home/bingxing2/ailab/xiazeyu_p/Programs/vasp_benchmark/material_evaluator/runs/2025_07_10/relax_o4-mini-11_36_59/Li10Ge(PS6)2,
Li10Ge(PS6)2,o4,2025-07-15,latest,0.99989187,/home/bingxing2/ailab/xiazeyu_p/Programs/vasp_benchmark/material_evaluator/runs/2025_07_15/relax_o4-mini-17_21_55/Li10Ge(PS6)2,
Li10Ge(PS6)2,gemini,2025-07-10,earliest,0.99938936,/home/bingxing2/ailab/xiazeyu_p/Programs/vasp_benchmark/material_evaluator/runs/2025_07_10/relax_gemini-2.5-pro-exp-03-25-11_38_29/Li10Ge(PS6)2,
Li10Ge(PS6)2,gemini,2025-07-23,latest,0.99939724,/home/bingxing2/ailab/xiazeyu_p/Programs/vasp_benchmark/material_evaluator/runs/2025_07_23/relax_gemini-2.5-pro-thinking-00_16_01/Li10Ge(PS6)2,
Li10Ge(PS6)2,claude,2025-07-10,earliest,0.99944176,/home/bingxing2/ailab/xiazeyu_p/Programs/vasp_benchmark/material_evaluator/runs/2025_07_10/relax_claude-3-7-sonnet-thinking-11_40_42/Li10Ge(PS6)2,
Li10Ge(PS6)2,claude,2025-07-16,latest,0.99996445,/home/bingxing2/ailab/xiazeyu_p/Programs/vasp_benchmark/material_evaluator/runs/2025_07_16/relax_claude-3-7-sonnet-thinking-13_28_27/Li10Ge(PS6)2,
Li2S,deepseek,2025-07-02,earliest,0.99999896,/home/bingxing2/ailab/xiazeyu_p/Programs/vasp_benchmark/material_evaluator/runs/2025_07_02/relax_deepseek-v3-13_00_20/Li2S,
Li2S,deepseek,2025-07-15,latest,0.99999902,/home/bingxing2/ailab/xiazeyu_p/Programs/vasp_benchmark/material_evaluator/runs/2025_07_15/relax_deepseek-v3-11_25_55/Li2S,
Li2S,gpt-4o,2025-07-02,earliest,0.99999753,/home/bingxing2/ailab/xiazeyu_p/Programs/vasp_benchmark/material_evaluator/runs/2025_07_02/relax_gpt-4o-19_54_40/Li2S,
Li2S,gpt-4o,2025-07-15,latest,0.99999868,/home/bingxing2/ailab/xiazeyu_p/Programs/vasp_benchmark/material_evaluator/runs/2025_07_15/relax_gpt-4o-11_44_38/Li2S,
Li2S,Qwen,2025-07-03,earliest,0.99993766,/home/bingxing2/ailab/xiazeyu_p/Programs/vasp_benchmark/material_evaluator/runs/2025_07_03/relax_Qwen/Qwen3-32B-04_24_25/Li2S,
Li2S,Qwen,2025-07-16,latest,0.99999575,/home/bingxing2/ailab/xiazeyu_p/Programs/vasp_benchmark/material_evaluator/runs/2025_07_16/relax_Qwen/Qwen3-32B-01_54_33/Li2S,
Li2S,o4,2025-07-03,earliest,0.99999838,/home/bingxing2/ailab/xiazeyu_p/Programs/vasp_benchmark/material_evaluator/runs/2025_07_03/relax_o4-mini-00_04_08/Li2S,
Li2S,o4,2025-07-15,latest,0.99993690,/home/bingxing2/ailab/xiazeyu_p/Programs/vasp_benchmark/material_evaluator/runs/2025_07_15/relax_o4-mini-17_38_37/Li2S,
Li2S,gemini,2025-07-03,earliest,0.99999650,/home/bingxing2/ailab/xiazeyu_p/Programs/vasp_benchmark/material_evaluator/runs/2025_07_03/relax_gemini-2.5-pro-exp-03-25-08_14_36/Li2S,
Li2S,gemini,2025-07-23,latest,0.99935515,/home/bingxing2/ailab/xiazeyu_p/Programs/vasp_benchmark/material_evaluator/runs/2025_07_23/relax_gemini-2.5-pro-thinking-00_15_57/Li2S,
Li2S,claude,2025-07-03,earliest,0.99999811,/home/bingxing2/ailab/xiazeyu_p/Programs/vasp_benchmark/material_evaluator/runs/2025_07_03/relax_claude-3-7-sonnet-thinking-10_11_23/Li2S,
Li2S,claude,2025-07-16,latest,0.99999834,/home/bingxing2/ailab/xiazeyu_p/Programs/vasp_benchmark/material_evaluator/runs/2025_07_16/relax_claude-3-7-sonnet-thinking-13_28_56/Li2S,
Li4Ti5O12,deepseek,2025-07-02,earliest,0.99999623,/home/bingxing2/ailab/xiazeyu_p/Programs/vasp_benchmark/material_evaluator/runs/2025_07_02/relax_deepseek-v3-16_04_40/Li4Ti5O12,
Li4Ti5O12,deepseek,2025-07-15,latest,0.99999623,/home/bingxing2/ailab/xiazeyu_p/Programs/vasp_benchmark/material_evaluator/runs/2025_07_15/relax_deepseek-v3-11_28_30/Li4Ti5O12,
Li4Ti5O12,gpt-4o,2025-07-02,earliest,0.99999034,/home/bingxing2/ailab/xiazeyu_p/Programs/vasp_benchmark/material_evaluator/runs/2025_07_02/relax_gpt-4o-22_37_37/Li4Ti5O12,
Li4Ti5O12,gpt-4o,2025-07-15,latest,0.99999622,/home/bingxing2/ailab/xiazeyu_p/Programs/vasp_benchmark/material_evaluator/runs/2025_07_15/relax_gpt-4o-14_38_32/Li4Ti5O12,
Li4Ti5O12,Qwen,2025-07-16,earliest,0.99989201,/home/bingxing2/ailab/xiazeyu_p/Programs/vasp_benchmark/material_evaluator/runs/2025_07_16/relax_Qwen/Qwen3-32B-13_13_00/Li4Ti5O12,
Li4Ti5O12,o4,2025-07-03,earliest,0.99999632,/home/bingxing2/ailab/xiazeyu_p/Programs/vasp_benchmark/material_evaluator/runs/2025_07_03/relax_o4-mini-03_10_54/Li4Ti5O12,
Li4Ti5O12,o4,2025-07-15,latest,0.99999618,/home/bingxing2/ailab/xiazeyu_p/Programs/vasp_benchmark/material_evaluator/runs/2025_07_15/relax_o4-mini-22_58_57/Li4Ti5O12,
Li4Ti5O12,gemini,2025-07-03,earliest,0.99999648,/home/bingxing2/ailab/xiazeyu_p/Programs/vasp_benchmark/material_evaluator/runs/2025_07_03/relax_gemini-2.5-pro-exp-03-25-10_01_07/Li4Ti5O12,
Li4Ti5O12,gemini,2025-07-23,latest,0.99999618,/home/bingxing2/ailab/xiazeyu_p/Programs/vasp_benchmark/material_evaluator/runs/2025_07_23/relax_gemini-2.5-pro-thinking-00_34_22/Li4Ti5O12,
Li4Ti5O12,claude,2025-07-16,earliest,0.99999743,/home/bingxing2/ailab/xiazeyu_p/Programs/vasp_benchmark/material_evaluator/runs/2025_07_16/relax_claude-3-7-sonnet-thinking-16_13_06/Li4Ti5O12,
Li7La3Zr2O12,deepseek,2025-07-02,earliest,0.99916210,/home/bingxing2/ailab/xiazeyu_p/Programs/vasp_benchmark/material_evaluator/runs/2025_07_02/relax_deepseek-v3-16_07_23/Li7La3Zr2O12,
Li7La3Zr2O12,deepseek,2025-07-15,latest,0.99986561,/home/bingxing2/ailab/xiazeyu_p/Programs/vasp_benchmark/material_evaluator/runs/2025_07_15/relax_deepseek-v3-11_28_31/Li7La3Zr2O12,
Li7La3Zr2O12,gpt-4o,2025-07-10,earliest,0.99999865,/home/bingxing2/ailab/xiazeyu_p/Programs/vasp_benchmark/material_evaluator/runs/2025_07_10/relax_gpt-4o-11_41_48/Li7La3Zr2O12,
Li7La3Zr2O12,gpt-4o,2025-07-15,latest,0.99987034,/home/bingxing2/ailab/xiazeyu_p/Programs/vasp_benchmark/material_evaluator/runs/2025_07_15/relax_gpt-4o-16_02_20/Li7La3Zr2O12,
Li7La3Zr2O12,Qwen,2025-07-10,earliest,0.30480130,/home/bingxing2/ailab/xiazeyu_p/Programs/vasp_benchmark/material_evaluator/runs/2025_07_10/relax_Qwen/Qwen3-32B-11_41_34/Li7La3Zr2O12,
Li7La3Zr2O12,Qwen,2025-07-16,latest,0.99991786,/home/bingxing2/ailab/xiazeyu_p/Programs/vasp_benchmark/material_evaluator/runs/2025_07_16/relax_Qwen/Qwen3-32B-13_22_31/Li7La3Zr2O12,
Li7La3Zr2O12,o4,2025-07-10,earliest,0.99661328,/home/bingxing2/ailab/xiazeyu_p/Programs/vasp_benchmark/material_evaluator/runs/2025_07_10/relax_o4-mini-11_41_34/Li7La3Zr2O12,
Li7La3Zr2O12,o4,2025-07-15,latest,0.99999730,/home/bingxing2/ailab/xiazeyu_p/Programs/vasp_benchmark/material_evaluator/runs/2025_07_15/relax_o4-mini-23_43_11/Li7La3Zr2O12,
Li7La3Zr2O12,gemini,2025-07-10,earliest,0.99987129,/home/bingxing2/ailab/xiazeyu_p/Programs/vasp_benchmark/material_evaluator/runs/2025_07_10/relax_gemini-2.5-pro-exp-03-25-11_41_34/Li7La3Zr2O12,
Li7La3Zr2O12,gemini,2025-07-23,latest,0.99988952,/home/bingxing2/ailab/xiazeyu_p/Programs/vasp_benchmark/material_evaluator/runs/2025_07_23/relax_gemini-2.5-pro-thinking-01_25_55/Li7La3Zr2O12,
Li7La3Zr2O12,claude,2025-07-10,earliest,0.99974145,/home/bingxing2/ailab/xiazeyu_p/Programs/vasp_benchmark/material_evaluator/runs/2025_07_10/relax_claude-3-7-sonnet-thinking-11_46_49/Li7La3Zr2O12,
Li7La3Zr2O12,claude,2025-07-16,latest,0.99990809,/home/bingxing2/ailab/xiazeyu_p/Programs/vasp_benchmark/material_evaluator/runs/2025_07_16/relax_claude-3-7-sonnet-thinking-17_06_46/Li7La3Zr2O12,
LiCoO2,deepseek,2025-07-02,earliest,0.99999306,/home/bingxing2/ailab/xiazeyu_p/Programs/vasp_benchmark/material_evaluator/runs/2025_07_02/relax_deepseek-v3-13_57_14/LiCoO2,
LiCoO2,deepseek,2025-07-15,latest,0.99992175,/home/bingxing2/ailab/xiazeyu_p/Programs/vasp_benchmark/material_evaluator/runs/2025_07_15/relax_deepseek-v3-11_27_31/LiCoO2,
LiCoO2,gpt-4o,2025-07-15,earliest,0.99999252,/home/bingxing2/ailab/xiazeyu_p/Programs/vasp_benchmark/material_evaluator/runs/2025_07_15/relax_gpt-4o-13_12_30/LiCoO2,
LiCoO2,Qwen,2025-07-03,earliest,0.99999110,/home/bingxing2/ailab/xiazeyu_p/Programs/vasp_benchmark/material_evaluator/runs/2025_07_03/relax_Qwen/Qwen3-32B-06_19_10/LiCoO2,
LiCoO2,Qwen,2025-07-16,latest,0.99999439,/home/bingxing2/ailab/xiazeyu_p/Programs/vasp_benchmark/material_evaluator/runs/2025_07_16/relax_Qwen/Qwen3-32B-13_11_04/LiCoO2,
LiCoO2,o4,2025-07-03,earliest,0.99999261,/home/bingxing2/ailab/xiazeyu_p/Programs/vasp_benchmark/material_evaluator/runs/2025_07_03/relax_o4-mini-01_10_56/LiCoO2,
LiCoO2,o4,2025-07-15,latest,0.99999284,/home/bingxing2/ailab/xiazeyu_p/Programs/vasp_benchmark/material_evaluator/runs/2025_07_15/relax_o4-mini-20_01_51/LiCoO2,
LiCoO2,gemini,2025-06-26,earliest,0.99801956,/home/bingxing2/ailab/xiazeyu_p/Programs/vasp_benchmark/material_evaluator/runs/2025_06_26/relax_gemini-2.5-pro-exp-03-25-21_39_24/LiCoO2,
LiCoO2,gemini,2025-07-23,latest,0.99999271,/home/bingxing2/ailab/xiazeyu_p/Programs/vasp_benchmark/material_evaluator/runs/2025_07_23/relax_gemini-2.5-pro-thinking-00_16_59/LiCoO2,
LiCoO2,claude,2025-07-16,earliest,0.99999411,/home/bingxing2/ailab/xiazeyu_p/Programs/vasp_benchmark/material_evaluator/runs/2025_07_16/relax_claude-3-7-sonnet-thinking-14_26_10/LiCoO2,
LiFeAs,deepseek,2025-07-02,earliest,0.99804253,/home/bingxing2/ailab/xiazeyu_p/Programs/vasp_benchmark/material_evaluator/runs/2025_07_02/relax_deepseek-v3-13_00_15/LiFeAs,
LiFeAs,deepseek,2025-07-15,latest,0.99797910,/home/bingxing2/ailab/xiazeyu_p/Programs/vasp_benchmark/material_evaluator/runs/2025_07_15/relax_deepseek-v3-11_26_24/LiFeAs,
LiFeAs,gpt-4o,2025-07-02,earliest,0.99798128,/home/bingxing2/ailab/xiazeyu_p/Programs/vasp_benchmark/material_evaluator/runs/2025_07_02/relax_gpt-4o-19_54_38/LiFeAs,
LiFeAs,gpt-4o,2025-07-15,latest,0.99805884,/home/bingxing2/ailab/xiazeyu_p/Programs/vasp_benchmark/material_evaluator/runs/2025_07_15/relax_gpt-4o-11_50_39/LiFeAs,
LiFeAs,Qwen,2025-07-03,earliest,0.99805800,/home/bingxing2/ailab/xiazeyu_p/Programs/vasp_benchmark/material_evaluator/runs/2025_07_03/relax_Qwen/Qwen3-32B-04_40_59/LiFeAs,
LiFeAs,Qwen,2025-07-16,latest,0.99803935,/home/bingxing2/ailab/xiazeyu_p/Programs/vasp_benchmark/material_evaluator/runs/2025_07_16/relax_Qwen/Qwen3-32B-02_13_14/LiFeAs,
LiFeAs,o4,2025-07-03,earliest,0.99803224,/home/bingxing2/ailab/xiazeyu_p/Programs/vasp_benchmark/material_evaluator/runs/2025_07_03/relax_o4-mini-00_07_14/LiFeAs,
LiFeAs,o4,2025-07-15,latest,0.99946080,/home/bingxing2/ailab/xiazeyu_p/Programs/vasp_benchmark/material_evaluator/runs/2025_07_15/relax_o4-mini-18_02_29/LiFeAs,
LiFeAs,gemini,2025-07-23,earliest,0.99808036,/home/bingxing2/ailab/xiazeyu_p/Programs/vasp_benchmark/material_evaluator/runs/2025_07_23/relax_gemini-2.5-pro-thinking-00_16_01/LiFeAs,
LiFeAs,claude,2025-07-16,earliest,0.99797182,/home/bingxing2/ailab/xiazeyu_p/Programs/vasp_benchmark/material_evaluator/runs/2025_07_16/relax_claude-3-7-sonnet-thinking-13_29_44/LiFeAs,
LiFePO4,deepseek,2025-07-15,earliest,0.99870421,/home/bingxing2/ailab/xiazeyu_p/Programs/vasp_benchmark/material_evaluator/runs/2025_07_15/relax_deepseek-v3-11_25_35/LiFePO4,
LiFePO4,gpt-4o,2025-07-02,earliest,0.99870896,/home/bingxing2/ailab/xiazeyu_p/Programs/vasp_benchmark/material_evaluator/runs/2025_07_02/relax_gpt-4o-19_54_13/LiFePO4,
LiFePO4,gpt-4o,2025-07-15,latest,0.99870737,/home/bingxing2/ailab/xiazeyu_p/Programs/vasp_benchmark/material_evaluator/runs/2025_07_15/relax_gpt-4o-11_28_44/LiFePO4,
LiFePO4,Qwen,2025-07-03,earliest,0.99989840,/home/bingxing2/ailab/xiazeyu_p/Programs/vasp_benchmark/material_evaluator/runs/2025_07_03/relax_Qwen/Qwen3-32B-03_58_22/LiFePO4,
LiFePO4,Qwen,2025-07-16,latest,0.99864006,/home/bingxing2/ailab/xiazeyu_p/Programs/vasp_benchmark/material_evaluator/runs/2025_07_16/relax_Qwen/Qwen3-32B-00_21_41/LiFePO4,
LiFePO4,o4,2025-07-15,earliest,0.99870791,/home/bingxing2/ailab/xiazeyu_p/Programs/vasp_benchmark/material_evaluator/runs/2025_07_15/relax_o4-mini-17_06_02/LiFePO4,
LiFePO4,gemini,2025-06-26,earliest,0.99775927,/home/bingxing2/ailab/xiazeyu_p/Programs/vasp_benchmark/material_evaluator/runs/2025_06_26/relax_gemini-2.5-pro-exp-03-25-21_51_19/LiFePO4,
LiFePO4,gemini,2025-07-23,latest,0.99997490,/home/bingxing2/ailab/xiazeyu_p/Programs/vasp_benchmark/material_evaluator/runs/2025_07_23/relax_gemini-2.5-pro-thinking-00_16_01/LiFePO4,
LiFePO4,claude,2025-07-03,earliest,0.99983261,/home/bingxing2/ailab/xiazeyu_p/Programs/vasp_benchmark/material_evaluator/runs/2025_07_03/relax_claude-3-7-sonnet-thinking-10_09_25/LiFePO4,
LiFePO4,claude,2025-07-16,latest,0.99870762,/home/bingxing2/ailab/xiazeyu_p/Programs/vasp_benchmark/material_evaluator/runs/2025_07_16/relax_claude-3-7-sonnet-thinking-13_28_26/LiFePO4,
LiMn2O4,deepseek,2025-07-02,earliest,0.99772727,/home/bingxing2/ailab/xiazeyu_p/Programs/vasp_benchmark/material_evaluator/runs/2025_07_02/relax_deepseek-v3-15_47_30/LiMn2O4,
LiMn2O4,deepseek,2025-07-15,latest,0.99862816,/home/bingxing2/ailab/xiazeyu_p/Programs/vasp_benchmark/material_evaluator/runs/2025_07_15/relax_deepseek-v3-11_27_57/LiMn2O4,
LiMn2O4,gpt-4o,2025-07-15,earliest,0.99864620,/home/bingxing2/ailab/xiazeyu_p/Programs/vasp_benchmark/material_evaluator/runs/2025_07_15/relax_gpt-4o-13_59_09/LiMn2O4,
LiMn2O4,Qwen,2025-07-23,earliest,0.99775101,/home/bingxing2/ailab/xiazeyu_p/Programs/vasp_benchmark/material_evaluator/runs/2025_07_23/relax_Qwen/Qwen3-32B-00_01_36/LiMn2O4,
LiMn2O4,o4,2025-07-15,earliest,0.99762611,/home/bingxing2/ailab/xiazeyu_p/Programs/vasp_benchmark/material_evaluator/runs/2025_07_15/relax_o4-mini-21_21_56/LiMn2O4,
LiMn2O4,gemini,2025-07-03,earliest,0.99987744,/home/bingxing2/ailab/xiazeyu_p/Programs/vasp_benchmark/material_evaluator/runs/2025_07_03/relax_gemini-2.5-pro-exp-03-25-09_29_28/LiMn2O4,
LiMn2O4,gemini,2025-07-23,latest,0.99999165,/home/bingxing2/ailab/xiazeyu_p/Programs/vasp_benchmark/material_evaluator/runs/2025_07_23/relax_gemini-2.5-pro-thinking-00_17_29/LiMn2O4,
LiMn2O4,claude,2025-07-16,earliest,0.99851668,/home/bingxing2/ailab/xiazeyu_p/Programs/vasp_benchmark/material_evaluator/runs/2025_07_16/relax_claude-3-7-sonnet-thinking-15_00_37/LiMn2O4,
LiNbO3,deepseek,2025-07-02,earliest,0.99998085,/home/bingxing2/ailab/xiazeyu_p/Programs/vasp_benchmark/material_evaluator/runs/2025_07_02/relax_deepseek-v3-15_55_55/LiNbO3,
LiNbO3,deepseek,2025-07-15,latest,0.99997008,/home/bingxing2/ailab/xiazeyu_p/Programs/vasp_benchmark/material_evaluator/runs/2025_07_15/relax_deepseek-v3-11_27_57/LiNbO3,
LiNbO3,gpt-4o,2025-07-02,earliest,0.99992048,/home/bingxing2/ailab/xiazeyu_p/Programs/vasp_benchmark/material_evaluator/runs/2025_07_02/relax_gpt-4o-21_44_17/LiNbO3,
LiNbO3,gpt-4o,2025-07-15,latest,0.99997467,/home/bingxing2/ailab/xiazeyu_p/Programs/vasp_benchmark/material_evaluator/runs/2025_07_15/relax_gpt-4o-14_07_25/LiNbO3,
LiNbO3,Qwen,2025-07-03,earliest,0.99998350,/home/bingxing2/ailab/xiazeyu_p/Programs/vasp_benchmark/material_evaluator/runs/2025_07_03/relax_Qwen/Qwen3-32B-06_31_00/LiNbO3,
LiNbO3,Qwen,2025-07-16,latest,0.99996762,/home/bingxing2/ailab/xiazeyu_p/Programs/vasp_benchmark/material_evaluator/runs/2025_07_16/relax_Qwen/Qwen3-32B-13_12_04/LiNbO3,
LiNbO3,o4,2025-07-03,earliest,0.99997078,/home/bingxing2/ailab/xiazeyu_p/Programs/vasp_benchmark/material_evaluator/runs/2025_07_03/relax_o4-mini-02_30_54/LiNbO3,
LiNbO3,o4,2025-07-15,latest,0.99997963,/home/bingxing2/ailab/xiazeyu_p/Programs/vasp_benchmark/material_evaluator/runs/2025_07_15/relax_o4-mini-22_03_18/LiNbO3,
LiNbO3,gemini,2025-07-03,earliest,0.99997170,/home/bingxing2/ailab/xiazeyu_p/Programs/vasp_benchmark/material_evaluator/runs/2025_07_03/relax_gemini-2.5-pro-exp-03-25-09_37_57/LiNbO3,
LiNbO3,gemini,2025-07-23,latest,0.99997228,/home/bingxing2/ailab/xiazeyu_p/Programs/vasp_benchmark/material_evaluator/runs/2025_07_23/relax_gemini-2.5-pro-thinking-00_17_29/LiNbO3,
LiNbO3,claude,2025-07-03,earliest,0.99998003,/home/bingxing2/ailab/xiazeyu_p/Programs/vasp_benchmark/material_evaluator/runs/2025_07_03/relax_claude-3-7-sonnet-thinking-14_53_46/LiNbO3,
LiNbO3,claude,2025-07-16,latest,0.99997080,/home/bingxing2/ailab/xiazeyu_p/Programs/vasp_benchmark/material_evaluator/runs/2025_07_16/relax_claude-3-7-sonnet-thinking-15_16_09/LiNbO3,
Mg,deepseek,2025-07-02,earliest,0.99995432,/home/bingxing2/ailab/xiazeyu_p/Programs/vasp_benchmark/material_evaluator/runs/2025_07_02/relax_deepseek-v3-14_21_48/Mg,
Mg,deepseek,2025-07-15,latest,0.99728323,/home/bingxing2/ailab/xiazeyu_p/Programs/vasp_benchmark/material_evaluator/runs/2025_07_15/relax_deepseek-v3-11_27_40/Mg,
Mg,gpt-4o,2025-07-02,earliest,0.99999776,/home/bingxing2/ailab/xiazeyu_p/Programs/vasp_benchmark/material_evaluator/runs/2025_07_02/relax_gpt-4o-20_47_51/Mg,
Mg,gpt-4o,2025-07-15,latest,0.99999676,/home/bingxing2/ailab/xiazeyu_p/Programs/vasp_benchmark/material_evaluator/runs/2025_07_15/relax_gpt-4o-13_20_53/Mg,
Mg,Qwen,2025-07-03,earliest,0.99773513,/home/bingxing2/ailab/xiazeyu_p/Programs/vasp_benchmark/material_evaluator/runs/2025_07_03/relax_Qwen/Qwen3-32B-06_19_54/Mg,
Mg,Qwen,2025-07-16,latest,0.99999459,/home/bingxing2/ailab/xiazeyu_p/Programs/vasp_benchmark/material_evaluator/runs/2025_07_16/relax_Qwen/Qwen3-32B-13_11_56/Mg,
Mg,o4,2025-07-03,earliest,0.99722753,/home/bingxing2/ailab/xiazeyu_p/Programs/vasp_benchmark/material_evaluator/runs/2025_07_03/relax_o4-mini-02_01_01/Mg,
Mg,o4,2025-07-15,latest,0.99999689,/home/bingxing2/ailab/xiazeyu_p/Programs/vasp_benchmark/material_evaluator/runs/2025_07_15/relax_o4-mini-20_57_40/Mg,
Mg,gemini,2025-06-26,earliest,0.99687021,/home/bingxing2/ailab/xiazeyu_p/Programs/vasp_benchmark/material_evaluator/runs/2025_06_26/relax_gemini-2.5-pro-exp-03-25-20_50_08/Mg,
Mg,gemini,2025-07-23,latest,0.99727763,/home/bingxing2/ailab/xiazeyu_p/Programs/vasp_benchmark/material_evaluator/runs/2025_07_23/relax_gemini-2.5-pro-thinking-00_17_38/Mg,
Mg,claude,2025-07-16,earliest,0.99999267,/home/bingxing2/ailab/xiazeyu_p/Programs/vasp_benchmark/material_evaluator/runs/2025_07_16/relax_claude-3-7-sonnet-thinking-14_41_30/Mg,
MgB2,deepseek,2025-07-15,earliest,0.99999583,/home/bingxing2/ailab/xiazeyu_p/Programs/vasp_benchmark/material_evaluator/runs/2025_07_15/relax_deepseek-v3-11_26_24/MgB2,
MgB2,gpt-4o,2025-07-02,earliest,0.99999565,/home/bingxing2/ailab/xiazeyu_p/Programs/vasp_benchmark/material_evaluator/runs/2025_07_02/relax_gpt-4o-19_54_40/MgB2,
MgB2,gpt-4o,2025-07-15,latest,0.99999680,/home/bingxing2/ailab/xiazeyu_p/Programs/vasp_benchmark/material_evaluator/runs/2025_07_15/relax_gpt-4o-11_45_02/MgB2,
MgB2,Qwen,2025-07-03,earliest,0.99997585,/home/bingxing2/ailab/xiazeyu_p/Programs/vasp_benchmark/material_evaluator/runs/2025_07_03/relax_Qwen/Qwen3-32B-04_31_31/MgB2,
MgB2,Qwen,2025-07-16,latest,0.99999585,/home/bingxing2/ailab/xiazeyu_p/Programs/vasp_benchmark/material_evaluator/runs/2025_07_16/relax_Qwen/Qwen3-32B-02_01_58/MgB2,
MgB2,o4,2025-07-03,earliest,0.99999694,/home/bingxing2/ailab/xiazeyu_p/Programs/vasp_benchmark/material_evaluator/runs/2025_07_03/relax_o4-mini-00_07_14/MgB2,
MgB2,o4,2025-07-15,latest,0.99999870,/home/bingxing2/ailab/xiazeyu_p/Programs/vasp_benchmark/material_evaluator/runs/2025_07_15/relax_o4-mini-17_38_41/MgB2,
MgB2,gemini,2025-07-03,earliest,0.99996652,/home/bingxing2/ailab/xiazeyu_p/Programs/vasp_benchmark/material_evaluator/runs/2025_07_03/relax_gemini-2.5-pro-exp-03-25-08_14_47/MgB2,
MgB2,gemini,2025-07-23,latest,0.99999658,/home/bingxing2/ailab/xiazeyu_p/Programs/vasp_benchmark/material_evaluator/runs/2025_07_23/relax_gemini-2.5-pro-thinking-00_15_57/MgB2,
MgB2,claude,2025-07-03,earliest,0.99999731,/home/bingxing2/ailab/xiazeyu_p/Programs/vasp_benchmark/material_evaluator/runs/2025_07_03/relax_claude-3-7-sonnet-thinking-10_35_42/MgB2,
MgB2,claude,2025-07-16,latest,0.99999497,/home/bingxing2/ailab/xiazeyu_p/Programs/vasp_benchmark/material_evaluator/runs/2025_07_16/relax_claude-3-7-sonnet-thinking-13_29_07/MgB2,
MgO,deepseek,2025-07-02,earliest,0.99999997,/home/bingxing2/ailab/xiazeyu_p/Programs/vasp_benchmark/material_evaluator/runs/2025_07_02/relax_deepseek-v3-13_03_20/MgO,
MgO,deepseek,2025-07-15,latest,0.99999992,/home/bingxing2/ailab/xiazeyu_p/Programs/vasp_benchmark/material_evaluator/runs/2025_07_15/relax_deepseek-v3-11_26_23/MgO,
MgO,gpt-4o,2025-07-02,earliest,0.99964020,/home/bingxing2/ailab/xiazeyu_p/Programs/vasp_benchmark/material_evaluator/runs/2025_07_02/relax_gpt-4o-19_54_36/MgO,
MgO,gpt-4o,2025-07-15,latest,0.99999991,/home/bingxing2/ailab/xiazeyu_p/Programs/vasp_benchmark/material_evaluator/runs/2025_07_15/relax_gpt-4o-12_16_51/MgO,
MgO,Qwen,2025-07-03,earliest,0.99935012,/home/bingxing2/ailab/xiazeyu_p/Programs/vasp_benchmark/material_evaluator/runs/2025_07_03/relax_Qwen/Qwen3-32B-04_52_59/MgO,
MgO,Qwen,2025-07-16,latest,0.99967848,/home/bingxing2/ailab/xiazeyu_p/Programs/vasp_benchmark/material_evaluator/runs/2025_07_16/relax_Qwen/Qwen3-32B-02_33_29/MgO,
MgO,o4,2025-07-03,earliest,0.99999996,/home/bingxing2/ailab/xiazeyu_p/Programs/vasp_benchmark/material_evaluator/runs/2025_07_03/relax_o4-mini-00_14_03/MgO,
MgO,o4,2025-07-15,latest,0.99999995,/home/bingxing2/ailab/xiazeyu_p/Programs/vasp_benchmark/material_evaluator/runs/2025_07_15/relax_o4-mini-18_20_55/MgO,
MgO,gemini,2025-06-26,earliest,0.99702940,/home/bingxing2/ailab/xiazeyu_p/Programs/vasp_benchmark/material_evaluator/runs/2025_06_26/relax_gemini-2.5-pro-exp-03-25-21_00_21/MgO,
MgO,gemini,2025-07-23,latest,0.99999996,/home/bingxing2/ailab/xiazeyu_p/Programs/vasp_benchmark/material_evaluator/runs/2025_07_23/relax_gemini-2.5-pro-thinking-00_16_33/MgO,
MgO,claude,2025-07-03,earliest,0.99999998,/home/bingxing2/ailab/xiazeyu_p/Programs/vasp_benchmark/material_evaluator/runs/2025_07_03/relax_claude-3-7-sonnet-thinking-14_51_07/MgO,
MgO,claude,2025-07-16,latest,0.99999470,/home/bingxing2/ailab/xiazeyu_p/Programs/vasp_benchmark/material_evaluator/runs/2025_07_16/relax_claude-3-7-sonnet-thinking-13_38_49/MgO,
NaCl,deepseek,2025-07-02,earliest,0.99999881,/home/bingxing2/ailab/xiazeyu_p/Programs/vasp_benchmark/material_evaluator/runs/2025_07_02/relax_deepseek-v3-13_56_25/NaCl,
NaCl,deepseek,2025-07-15,latest,0.99999966,/home/bingxing2/ailab/xiazeyu_p/Programs/vasp_benchmark/material_evaluator/runs/2025_07_15/relax_deepseek-v3-11_27_31/NaCl,
NaCl,gpt-4o,2025-07-02,earliest,0.99999912,/home/bingxing2/ailab/xiazeyu_p/Programs/vasp_benchmark/material_evaluator/runs/2025_07_02/relax_gpt-4o-20_29_10/NaCl,
NaCl,gpt-4o,2025-07-15,latest,0.99999615,/home/bingxing2/ailab/xiazeyu_p/Programs/vasp_benchmark/material_evaluator/runs/2025_07_15/relax_gpt-4o-13_09_44/NaCl,
NaCl,Qwen,2025-07-03,earliest,0.99753409,/home/bingxing2/ailab/xiazeyu_p/Programs/vasp_benchmark/material_evaluator/runs/2025_07_03/relax_Qwen/Qwen3-32B-06_11_37/NaCl,
NaCl,Qwen,2025-07-23,latest,0.99993159,/home/bingxing2/ailab/xiazeyu_p/Programs/vasp_benchmark/material_evaluator/runs/2025_07_23/relax_Qwen/Qwen3-32B-00_11_35/NaCl,
NaCl,o4,2025-07-03,earliest,0.99999710,/home/bingxing2/ailab/xiazeyu_p/Programs/vasp_benchmark/material_evaluator/runs/2025_07_03/relax_o4-mini-01_04_50/NaCl,
NaCl,o4,2025-07-15,latest,0.99999552,/home/bingxing2/ailab/xiazeyu_p/Programs/vasp_benchmark/material_evaluator/runs/2025_07_15/relax_o4-mini-19_36_14/NaCl,
NaCl,gemini,2025-06-26,earliest,0.99644704,/home/bingxing2/ailab/xiazeyu_p/Programs/vasp_benchmark/material_evaluator/runs/2025_06_26/relax_gemini-2.5-pro-exp-03-25-21_01_21/NaCl,
NaCl,gemini,2025-07-23,latest,0.99999968,/home/bingxing2/ailab/xiazeyu_p/Programs/vasp_benchmark/material_evaluator/runs/2025_07_23/relax_gemini-2.5-pro-thinking-00_16_59/NaCl,
NaCl,claude,2025-07-03,earliest,0.99999613,/home/bingxing2/ailab/xiazeyu_p/Programs/vasp_benchmark/material_evaluator/runs/2025_07_03/relax_claude-3-7-sonnet-thinking-14_52_16/NaCl,
NaCl,claude,2025-07-16,latest,0.99999630,/home/bingxing2/ailab/xiazeyu_p/Programs/vasp_benchmark/material_evaluator/runs/2025_07_16/relax_claude-3-7-sonnet-thinking-14_21_17/NaCl,
Nb3Sn,deepseek,2025-07-02,earliest,0.99999980,/home/bingxing2/ailab/xiazeyu_p/Programs/vasp_benchmark/material_evaluator/runs/2025_07_02/relax_deepseek-v3-16_09_13/Nb3Sn,
Nb3Sn,deepseek,2025-07-15,latest,0.99999981,/home/bingxing2/ailab/xiazeyu_p/Programs/vasp_benchmark/material_evaluator/runs/2025_07_15/relax_deepseek-v3-11_28_30/Nb3Sn,
Nb3Sn,gpt-4o,2025-07-02,earliest,0.99999974,/home/bingxing2/ailab/xiazeyu_p/Programs/vasp_benchmark/material_evaluator/runs/2025_07_02/relax_gpt-4o-22_45_26/Nb3Sn,
Nb3Sn,gpt-4o,2025-07-15,latest,0.99999948,/home/bingxing2/ailab/xiazeyu_p/Programs/vasp_benchmark/material_evaluator/runs/2025_07_15/relax_gpt-4o-14_53_05/Nb3Sn,
Nb3Sn,Qwen,2025-07-03,earliest,0.99999960,/home/bingxing2/ailab/xiazeyu_p/Programs/vasp_benchmark/material_evaluator/runs/2025_07_03/relax_Qwen/Qwen3-32B-06_51_33/Nb3Sn,
Nb3Sn,Qwen,2025-07-16,latest,0.99999929,/home/bingxing2/ailab/xiazeyu_p/Programs/vasp_benchmark/material_evaluator/runs/2025_07_16/relax_Qwen/Qwen3-32B-13_14_02/Nb3Sn,
Nb3Sn,o4,2025-07-03,earliest,0.99998239,/home/bingxing2/ailab/xiazeyu_p/Programs/vasp_benchmark/material_evaluator/runs/2025_07_03/relax_o4-mini-03_11_21/Nb3Sn,
Nb3Sn,o4,2025-07-15,latest,0.99999972,/home/bingxing2/ailab/xiazeyu_p/Programs/vasp_benchmark/material_evaluator/runs/2025_07_15/relax_o4-mini-23_01_27/Nb3Sn,
Nb3Sn,gemini,2025-07-03,earliest,0.99999979,/home/bingxing2/ailab/xiazeyu_p/Programs/vasp_benchmark/material_evaluator/runs/2025_07_03/relax_gemini-2.5-pro-exp-03-25-10_02_09/Nb3Sn,
Nb3Sn,gemini,2025-07-23,latest,0.99999978,/home/bingxing2/ailab/xiazeyu_p/Programs/vasp_benchmark/material_evaluator/runs/2025_07_23/relax_gemini-2.5-pro-thinking-00_34_48/Nb3Sn,
Nb3Sn,claude,2025-07-03,earliest,0.99999978,/home/bingxing2/ailab/xiazeyu_p/Programs/vasp_benchmark/material_evaluator/runs/2025_07_03/relax_claude-3-7-sonnet-thinking-15_01_26/Nb3Sn,
Nb3Sn,claude,2025-07-16,latest,0.99999961,/home/bingxing2/ailab/xiazeyu_p/Programs/vasp_benchmark/material_evaluator/runs/2025_07_16/relax_claude-3-7-sonnet-thinking-16_22_51/Nb3Sn,
NbN,deepseek,2025-07-02,earliest,0.99999982,/home/bingxing2/ailab/xiazeyu_p/Programs/vasp_benchmark/material_evaluator/runs/2025_07_02/relax_deepseek-v3-16_02_26/NbN,
NbN,deepseek,2025-07-15,latest,0.99999978,/home/bingxing2/ailab/xiazeyu_p/Programs/vasp_benchmark/material_evaluator/runs/2025_07_15/relax_deepseek-v3-11_28_32/NbN,
NbN,gpt-4o,2025-07-02,earliest,0.99999970,/home/bingxing2/ailab/xiazeyu_p/Programs/vasp_benchmark/material_evaluator/runs/2025_07_02/relax_gpt-4o-22_03_02/NbN,
NbN,gpt-4o,2025-07-15,latest,0.99999982,/home/bingxing2/ailab/xiazeyu_p/Programs/vasp_benchmark/material_evaluator/runs/2025_07_15/relax_gpt-4o-14_31_27/NbN,
NbN,Qwen,2025-07-03,earliest,0.99999983,/home/bingxing2/ailab/xiazeyu_p/Programs/vasp_benchmark/material_evaluator/runs/2025_07_03/relax_Qwen/Qwen3-32B-06_40_45/NbN,
NbN,Qwen,2025-07-16,latest,0.99999978,/home/bingxing2/ailab/xiazeyu_p/Programs/vasp_benchmark/material_evaluator/runs/2025_07_16/relax_Qwen/Qwen3-32B-13_12_29/NbN,
NbN,o4,2025-07-03,earliest,0.99999975,/home/bingxing2/ailab/xiazeyu_p/Programs/vasp_benchmark/material_evaluator/runs/2025_07_03/relax_o4-mini-03_10_54/NbN,
NbN,o4,2025-07-15,latest,0.99999980,/home/bingxing2/ailab/xiazeyu_p/Programs/vasp_benchmark/material_evaluator/runs/2025_07_15/relax_o4-mini-22_25_00/NbN,
NbN,gemini,2025-07-03,earliest,0.99999982,/home/bingxing2/ailab/xiazeyu_p/Programs/vasp_benchmark/material_evaluator/runs/2025_07_03/relax_gemini-2.5-pro-exp-03-25-09_59_17/NbN,
NbN,gemini,2025-07-23,latest,0.99999980,/home/bingxing2/ailab/xiazeyu_p/Programs/vasp_benchmark/material_evaluator/runs/2025_07_23/relax_gemini-2.5-pro-thinking-00_18_07/NbN,
NbN,claude,2025-07-03,earliest,0.99999982,/home/bingxing2/ailab/xiazeyu_p/Programs/vasp_benchmark/material_evaluator/runs/2025_07_03/relax_claude-3-7-sonnet-thinking-14_54_39/NbN,
NbN,claude,2025-07-16,latest,0.99999982,/home/bingxing2/ailab/xiazeyu_p/Programs/vasp_benchmark/material_evaluator/runs/2025_07_16/relax_claude-3-7-sonnet-thinking-16_02_55/NbN,
Ni,deepseek,2025-07-02,earliest,0.99999696,/home/bingxing2/ailab/xiazeyu_p/Programs/vasp_benchmark/material_evaluator/runs/2025_07_02/relax_deepseek-v3-12_59_53/Ni,
Ni,deepseek,2025-07-15,latest,0.99999400,/home/bingxing2/ailab/xiazeyu_p/Programs/vasp_benchmark/material_evaluator/runs/2025_07_15/relax_deepseek-v3-11_25_39/Ni,
Ni,gpt-4o,2025-07-02,earliest,0.99999370,/home/bingxing2/ailab/xiazeyu_p/Programs/vasp_benchmark/material_evaluator/runs/2025_07_02/relax_gpt-4o-19_54_13/Ni,
Ni,gpt-4o,2025-07-15,latest,0.99999463,/home/bingxing2/ailab/xiazeyu_p/Programs/vasp_benchmark/material_evaluator/runs/2025_07_15/relax_gpt-4o-11_37_53/Ni,
Ni,Qwen,2025-07-03,earliest,0.99999668,/home/bingxing2/ailab/xiazeyu_p/Programs/vasp_benchmark/material_evaluator/runs/2025_07_03/relax_Qwen/Qwen3-32B-04_01_41/Ni,
Ni,Qwen,2025-07-16,latest,0.99998223,/home/bingxing2/ailab/xiazeyu_p/Programs/vasp_benchmark/material_evaluator/runs/2025_07_16/relax_Qwen/Qwen3-32B-01_15_02/Ni,
Ni,o4,2025-07-15,earliest,0.99999530,/home/bingxing2/ailab/xiazeyu_p/Programs/vasp_benchmark/material_evaluator/runs/2025_07_15/relax_o4-mini-17_22_19/Ni,
Ni,gemini,2025-06-26,earliest,0.99996117,/home/bingxing2/ailab/xiazeyu_p/Programs/vasp_benchmark/material_evaluator/runs/2025_06_26/relax_gemini-2.5-pro-exp-03-25-20_39_22/Ni,
Ni,gemini,2025-07-23,latest,0.99999751,/home/bingxing2/ailab/xiazeyu_p/Programs/vasp_benchmark/material_evaluator/runs/2025_07_23/relax_gemini-2.5-pro-thinking-00_15_57/Ni,
Ni,claude,2025-07-16,earliest,0.99999701,/home/bingxing2/ailab/xiazeyu_p/Programs/vasp_benchmark/material_evaluator/runs/2025_07_16/relax_claude-3-7-sonnet-thinking-13_28_36/Ni,
Sb2Te3,deepseek,2025-07-02,earliest,0.99903107,/home/bingxing2/ailab/xiazeyu_p/Programs/vasp_benchmark/material_evaluator/runs/2025_07_02/relax_deepseek-v3-13_04_12/Sb2Te3,
Sb2Te3,deepseek,2025-07-15,latest,0.99997999,/home/bingxing2/ailab/xiazeyu_p/Programs/vasp_benchmark/material_evaluator/runs/2025_07_15/relax_deepseek-v3-11_27_14/Sb2Te3,
Sb2Te3,gpt-4o,2025-07-02,earliest,0.99998450,/home/bingxing2/ailab/xiazeyu_p/Programs/vasp_benchmark/material_evaluator/runs/2025_07_02/relax_gpt-4o-20_11_04/Sb2Te3,
Sb2Te3,gpt-4o,2025-07-15,latest,0.99998737,/home/bingxing2/ailab/xiazeyu_p/Programs/vasp_benchmark/material_evaluator/runs/2025_07_15/relax_gpt-4o-12_39_14/Sb2Te3,
Sb2Te3,Qwen,2025-07-03,earliest,0.99998920,/home/bingxing2/ailab/xiazeyu_p/Programs/vasp_benchmark/material_evaluator/runs/2025_07_03/relax_Qwen/Qwen3-32B-05_36_20/Sb2Te3,
Sb2Te3,Qwen,2025-07-16,latest,0.99767138,/home/bingxing2/ailab/xiazeyu_p/Programs/vasp_benchmark/material_evaluator/runs/2025_07_16/relax_Qwen/Qwen3-32B-02_55_11/Sb2Te3,
Sb2Te3,o4,2025-07-03,earliest,0.99997120,/home/bingxing2/ailab/xiazeyu_p/Programs/vasp_benchmark/material_evaluator/runs/2025_07_03/relax_o4-mini-00_41_56/Sb2Te3,
Sb2Te3,o4,2025-07-15,latest,0.99998450,/home/bingxing2/ailab/xiazeyu_p/Programs/vasp_benchmark/material_evaluator/runs/2025_07_15/relax_o4-mini-18_32_11/Sb2Te3,
Sb2Te3,gemini,2025-07-23,earliest,0.99998048,/home/bingxing2/ailab/xiazeyu_p/Programs/vasp_benchmark/material_evaluator/runs/2025_07_23/relax_gemini-2.5-pro-thinking-00_17_04/Sb2Te3,
Sb2Te3,claude,2025-07-03,earliest,0.99837182,/home/bingxing2/ailab/xiazeyu_p/Programs/vasp_benchmark/material_evaluator/runs/2025_07_03/relax_claude-3-7-sonnet-thinking-14_51_35/Sb2Te3,
Sb2Te3,claude,2025-07-16,latest,0.99833337,/home/bingxing2/ailab/xiazeyu_p/Programs/vasp_benchmark/material_evaluator/runs/2025_07_16/relax_claude-3-7-sonnet-thinking-14_14_22/Sb2Te3,
SiO2,deepseek,2025-07-02,earliest,0.99962916,/home/bingxing2/ailab/xiazeyu_p/Programs/vasp_benchmark/material_evaluator/runs/2025_07_02/relax_deepseek-v3-13_14_30/SiO2,
SiO2,deepseek,2025-07-15,latest,0.99790138,/home/bingxing2/ailab/xiazeyu_p/Programs/vasp_benchmark/material_evaluator/runs/2025_07_15/relax_deepseek-v3-11_27_14/SiO2,
SiO2,gpt-4o,2025-07-02,earliest,0.99887647,/home/bingxing2/ailab/xiazeyu_p/Programs/vasp_benchmark/material_evaluator/runs/2025_07_02/relax_gpt-4o-20_23_34/SiO2,
SiO2,gpt-4o,2025-07-15,latest,0.99815117,/home/bingxing2/ailab/xiazeyu_p/Programs/vasp_benchmark/material_evaluator/runs/2025_07_15/relax_gpt-4o-13_08_49/SiO2,
SiO2,Qwen,2025-07-03,earliest,0.99794731,/home/bingxing2/ailab/xiazeyu_p/Programs/vasp_benchmark/material_evaluator/runs/2025_07_03/relax_Qwen/Qwen3-32B-05_58_55/SiO2,
SiO2,Qwen,2025-07-16,latest,0.99730331,/home/bingxing2/ailab/xiazeyu_p/Programs/vasp_benchmark/material_evaluator/runs/2025_07_16/relax_Qwen/Qwen3-32B-03_31_30/SiO2,
SiO2,o4,2025-07-03,earliest,0.99867642,/home/bingxing2/ailab/xiazeyu_p/Programs/vasp_benchmark/material_evaluator/runs/2025_07_03/relax_o4-mini-01_02_24/SiO2,
SiO2,o4,2025-07-15,latest,0.99849349,/home/bingxing2/ailab/xiazeyu_p/Programs/vasp_benchmark/material_evaluator/runs/2025_07_15/relax_o4-mini-18_54_06/SiO2,
SiO2,gemini,2025-06-26,earliest,0.99714051,/home/bingxing2/ailab/xiazeyu_p/Programs/vasp_benchmark/material_evaluator/runs/2025_06_26/relax_gemini-2.5-pro-exp-03-25-20_57_41/SiO2,
SiO2,gemini,2025-07-23,latest,0.97505530,/home/bingxing2/ailab/xiazeyu_p/Programs/vasp_benchmark/material_evaluator/runs/2025_07_23/relax_gemini-2.5-pro-thinking-00_17_04/SiO2,
SiO2,claude,2025-07-03,earliest,0.99867084,/home/bingxing2/ailab/xiazeyu_p/Programs/vasp_benchmark/material_evaluator/runs/2025_07_03/relax_claude-3-7-sonnet-thinking-14_51_43/SiO2,
SiO2,claude,2025-07-16,latest,0.99786565,/home/bingxing2/ailab/xiazeyu_p/Programs/vasp_benchmark/material_evaluator/runs/2025_07_16/relax_claude-3-7-sonnet-thinking-14_20_45/SiO2,
SnSe,deepseek,2025-07-15,earliest,0.99695244,/home/bingxing2/ailab/xiazeyu_p/Programs/vasp_benchmark/material_evaluator/runs/2025_07_15/relax_deepseek-v3-11_26_25/SnSe,
SnSe,gpt-4o,2025-07-02,earliest,0.99686586,/home/bingxing2/ailab/xiazeyu_p/Programs/vasp_benchmark/material_evaluator/runs/2025_07_02/relax_gpt-4o-19_54_36/SnSe,
SnSe,gpt-4o,2025-07-15,latest,0.99701036,/home/bingxing2/ailab/xiazeyu_p/Programs/vasp_benchmark/material_evaluator/runs/2025_07_15/relax_gpt-4o-12_07_45/SnSe,
SnSe,Qwen,2025-07-03,earliest,0.99780574,/home/bingxing2/ailab/xiazeyu_p/Programs/vasp_benchmark/material_evaluator/runs/2025_07_03/relax_Qwen/Qwen3-32B-04_47_48/SnSe,
SnSe,Qwen,2025-07-16,latest,0.99698274,/home/bingxing2/ailab/xiazeyu_p/Programs/vasp_benchmark/material_evaluator/runs/2025_07_16/relax_Qwen/Qwen3-32B-02_27_57/SnSe,
SnSe,o4,2025-07-03,earliest,0.99437250,/home/bingxing2/ailab/xiazeyu_p/Programs/vasp_benchmark/material_evaluator/runs/2025_07_03/relax_o4-mini-00_07_14/SnSe,
SnSe,o4,2025-07-15,latest,0.99694110,/home/bingxing2/ailab/xiazeyu_p/Programs/vasp_benchmark/material_evaluator/runs/2025_07_15/relax_o4-mini-18_15_23/SnSe,
SnSe,gemini,2025-07-03,earliest,0.99714024,/home/bingxing2/ailab/xiazeyu_p/Programs/vasp_benchmark/material_evaluator/runs/2025_07_03/relax_gemini-2.5-pro-exp-03-25-08_15_45/SnSe,
SnSe,gemini,2025-07-23,latest,0.99694545,/home/bingxing2/ailab/xiazeyu_p/Programs/vasp_benchmark/material_evaluator/runs/2025_07_23/relax_gemini-2.5-pro-thinking-00_16_01/SnSe,
SnSe,claude,2025-07-03,earliest,0.99730188,/home/bingxing2/ailab/xiazeyu_p/Programs/vasp_benchmark/material_evaluator/runs/2025_07_03/relax_claude-3-7-sonnet-thinking-14_50_59/SnSe,
SnSe,claude,2025-07-16,latest,0.99696620,/home/bingxing2/ailab/xiazeyu_p/Programs/vasp_benchmark/material_evaluator/runs/2025_07_16/relax_claude-3-7-sonnet-thinking-13_39_02/SnSe,
Sr2RuO4,deepseek,2025-07-02,earliest,0.99998656,/home/bingxing2/ailab/xiazeyu_p/Programs/vasp_benchmark/material_evaluator/runs/2025_07_02/relax_deepseek-v3-16_03_46/Sr2RuO4,
Sr2RuO4,deepseek,2025-07-15,latest,0.99998616,/home/bingxing2/ailab/xiazeyu_p/Programs/vasp_benchmark/material_evaluator/runs/2025_07_15/relax_deepseek-v3-11_28_32/Sr2RuO4,
Sr2RuO4,gpt-4o,2025-07-15,earliest,0.99998688,/home/bingxing2/ailab/xiazeyu_p/Programs/vasp_benchmark/material_evaluator/runs/2025_07_15/relax_gpt-4o-14_31_30/Sr2RuO4,
Sr2RuO4,Qwen,2025-07-03,earliest,0.99998551,/home/bingxing2/ailab/xiazeyu_p/Programs/vasp_benchmark/material_evaluator/runs/2025_07_03/relax_Qwen/Qwen3-32B-06_51_00/Sr2RuO4,
Sr2RuO4,Qwen,2025-07-16,latest,0.99998075,/home/bingxing2/ailab/xiazeyu_p/Programs/vasp_benchmark/material_evaluator/runs/2025_07_16/relax_Qwen/Qwen3-32B-13_12_46/Sr2RuO4,
Sr2RuO4,o4,2025-07-03,earliest,0.99998719,/home/bingxing2/ailab/xiazeyu_p/Programs/vasp_benchmark/material_evaluator/runs/2025_07_03/relax_o4-mini-03_10_54/Sr2RuO4,
Sr2RuO4,o4,2025-07-15,latest,0.99998116,/home/bingxing2/ailab/xiazeyu_p/Programs/vasp_benchmark/material_evaluator/runs/2025_07_15/relax_o4-mini-22_31_26/Sr2RuO4,
Sr2RuO4,gemini,2025-07-23,earliest,0.99998304,/home/bingxing2/ailab/xiazeyu_p/Programs/vasp_benchmark/material_evaluator/runs/2025_07_23/relax_gemini-2.5-pro-thinking-00_27_57/Sr2RuO4,
Sr2RuO4,claude,2025-07-03,earliest,0.99998360,/home/bingxing2/ailab/xiazeyu_p/Programs/vasp_benchmark/material_evaluator/runs/2025_07_03/relax_claude-3-7-sonnet-thinking-14_55_29/Sr2RuO4,
Sr2RuO4,claude,2025-07-16,latest,0.99998652,/home/bingxing2/ailab/xiazeyu_p/Programs/vasp_benchmark/material_evaluator/runs/2025_07_16/relax_claude-3-7-sonnet-thinking-16_05_56/Sr2RuO4,
TePb,deepseek,2025-07-02,earliest,0.99999633,/home/bingxing2/ailab/xiazeyu_p/Programs/vasp_benchmark/material_evaluator/runs/2025_07_02/relax_deepseek-v3-13_08_35/TePb,
TePb,deepseek,2025-07-15,latest,0.99999329,/home/bingxing2/ailab/xiazeyu_p/Programs/vasp_benchmark/material_evaluator/runs/2025_07_15/relax_deepseek-v3-11_27_14/TePb,
TePb,gpt-4o,2025-07-02,earliest,0.99999028,/home/bingxing2/ailab/xiazeyu_p/Programs/vasp_benchmark/material_evaluator/runs/2025_07_02/relax_gpt-4o-20_15_23/TePb,
TePb,gpt-4o,2025-07-15,latest,0.99999144,/home/bingxing2/ailab/xiazeyu_p/Programs/vasp_benchmark/material_evaluator/runs/2025_07_15/relax_gpt-4o-12_53_53/TePb,
TePb,Qwen,2025-07-03,earliest,0.99994593,/home/bingxing2/ailab/xiazeyu_p/Programs/vasp_benchmark/material_evaluator/runs/2025_07_03/relax_Qwen/Qwen3-32B-05_41_49/TePb,
TePb,Qwen,2025-07-16,latest,0.99999058,/home/bingxing2/ailab/xiazeyu_p/Programs/vasp_benchmark/material_evaluator/runs/2025_07_16/relax_Qwen/Qwen3-32B-03_09_10/TePb,
TePb,o4,2025-07-03,earliest,0.99999123,/home/bingxing2/ailab/xiazeyu_p/Programs/vasp_benchmark/material_evaluator/runs/2025_07_03/relax_o4-mini-01_01_00/TePb,
TePb,o4,2025-07-15,latest,0.99998901,/home/bingxing2/ailab/xiazeyu_p/Programs/vasp_benchmark/material_evaluator/runs/2025_07_15/relax_o4-mini-18_53_59/TePb,
TePb,gemini,2025-07-03,earliest,0.99999364,/home/bingxing2/ailab/xiazeyu_p/Programs/vasp_benchmark/material_evaluator/runs/2025_07_03/relax_gemini-2.5-pro-exp-03-25-08_35_54/TePb,
TePb,gemini,2025-07-23,latest,0.99999064,/home/bingxing2/ailab/xiazeyu_p/Programs/vasp_benchmark/material_evaluator/runs/2025_07_23/relax_gemini-2.5-pro-thinking-00_17_04/TePb,
TePb,claude,2025-07-03,earliest,0.99999243,/home/bingxing2/ailab/xiazeyu_p/Programs/vasp_benchmark/material_evaluator/runs/2025_07_03/relax_claude-3-7-sonnet-thinking-14_51_36/TePb,
TePb,claude,2025-07-16,latest,0.99999289,/home/bingxing2/ailab/xiazeyu_p/Programs/vasp_benchmark/material_evaluator/runs/2025_07_16/relax_claude-3-7-sonnet-thinking-14_17_58/TePb,
Ti,deepseek,2025-07-02,earliest,0.99999991,/home/bingxing2/ailab/xiazeyu_p/Programs/vasp_benchmark/material_evaluator/runs/2025_07_02/relax_deepseek-v3-12_59_04/Ti,
Ti,deepseek,2025-07-15,latest,0.99999989,/home/bingxing2/ailab/xiazeyu_p/Programs/vasp_benchmark/material_evaluator/runs/2025_07_15/relax_deepseek-v3-11_25_24/Ti,
Ti,gpt-4o,2025-07-02,earliest,0.99999996,/home/bingxing2/ailab/xiazeyu_p/Programs/vasp_benchmark/material_evaluator/runs/2025_07_02/relax_gpt-4o-19_53_43/Ti,
Ti,gpt-4o,2025-07-15,latest,0.99999995,/home/bingxing2/ailab/xiazeyu_p/Programs/vasp_benchmark/material_evaluator/runs/2025_07_15/relax_gpt-4o-11_28_31/Ti,
Ti,Qwen,2025-07-03,earliest,0.99961026,/home/bingxing2/ailab/xiazeyu_p/Programs/vasp_benchmark/material_evaluator/runs/2025_07_03/relax_Qwen/Qwen3-32B-03_19_46/Ti,
Ti,Qwen,2025-07-15,latest,0.99999995,/home/bingxing2/ailab/xiazeyu_p/Programs/vasp_benchmark/material_evaluator/runs/2025_07_15/relax_Qwen/Qwen3-32B-23_46_33/Ti,
Ti,o4,2025-07-02,earliest,0.99999993,/home/bingxing2/ailab/xiazeyu_p/Programs/vasp_benchmark/material_evaluator/runs/2025_07_02/relax_o4-mini-23_33_30/Ti,
Ti,o4,2025-07-15,latest,0.99999997,/home/bingxing2/ailab/xiazeyu_p/Programs/vasp_benchmark/material_evaluator/runs/2025_07_15/relax_o4-mini-17_06_04/Ti,
Ti,gemini,2025-06-26,earliest,0.99952294,/home/bingxing2/ailab/xiazeyu_p/Programs/vasp_benchmark/material_evaluator/runs/2025_06_26/relax_gemini-2.5-pro-exp-03-25-20_42_14/Ti,
Ti,gemini,2025-07-23,latest,0.99999979,/home/bingxing2/ailab/xiazeyu_p/Programs/vasp_benchmark/material_evaluator/runs/2025_07_23/relax_gemini-2.5-pro-thinking-00_15_31/Ti,
Ti,claude,2025-07-16,earliest,0.99999996,/home/bingxing2/ailab/xiazeyu_p/Programs/vasp_benchmark/material_evaluator/runs/2025_07_16/relax_claude-3-7-sonnet-thinking-13_28_17/Ti,
TiC,deepseek,2025-07-02,earliest,0.99999932,/home/bingxing2/ailab/xiazeyu_p/Programs/vasp_benchmark/material_evaluator/runs/2025_07_02/relax_deepseek-v3-16_03_48/TiC,
TiC,deepseek,2025-07-15,latest,0.99999985,/home/bingxing2/ailab/xiazeyu_p/Programs/vasp_benchmark/material_evaluator/runs/2025_07_15/relax_deepseek-v3-11_28_32/TiC,
TiC,gpt-4o,2025-07-15,earliest,0.99999988,/home/bingxing2/ailab/xiazeyu_p/Programs/vasp_benchmark/material_evaluator/runs/2025_07_15/relax_gpt-4o-14_36_47/TiC,
TiC,Qwen,2025-07-03,earliest,0.99999966,/home/bingxing2/ailab/xiazeyu_p/Programs/vasp_benchmark/material_evaluator/runs/2025_07_03/relax_Qwen/Qwen3-32B-06_51_33/TiC,
TiC,Qwen,2025-07-16,latest,0.99999985,/home/bingxing2/ailab/xiazeyu_p/Programs/vasp_benchmark/material_evaluator/runs/2025_07_16/relax_Qwen/Qwen3-32B-13_13_00/TiC,
TiC,o4,2025-07-03,earliest,0.99999996,/home/bingxing2/ailab/xiazeyu_p/Programs/vasp_benchmark/material_evaluator/runs/2025_07_03/relax_o4-mini-03_10_54/TiC,
TiC,o4,2025-07-15,latest,0.99999989,/home/bingxing2/ailab/xiazeyu_p/Programs/vasp_benchmark/material_evaluator/runs/2025_07_15/relax_o4-mini-22_40_09/TiC,
TiC,gemini,2025-06-26,earliest,0.99420079,/home/bingxing2/ailab/xiazeyu_p/Programs/vasp_benchmark/material_evaluator/runs/2025_06_26/relax_gemini-2.5-pro-exp-03-25-21_14_33/TiC,
TiC,gemini,2025-07-23,latest,0.99999985,/home/bingxing2/ailab/xiazeyu_p/Programs/vasp_benchmark/material_evaluator/runs/2025_07_23/relax_gemini-2.5-pro-thinking-00_31_53/TiC,
TiC,claude,2025-07-16,earliest,0.99999919,/home/bingxing2/ailab/xiazeyu_p/Programs/vasp_benchmark/material_evaluator/runs/2025_07_16/relax_claude-3-7-sonnet-thinking-16_10_36/TiC,
TiPbO3,deepseek,2025-07-02,earliest,0.99993989,/home/bingxing2/ailab/xiazeyu_p/Programs/vasp_benchmark/material_evaluator/runs/2025_07_02/relax_deepseek-v3-13_00_28/TiPbO3,
TiPbO3,deepseek,2025-07-15,latest,0.99999979,/home/bingxing2/ailab/xiazeyu_p/Programs/vasp_benchmark/material_evaluator/runs/2025_07_15/relax_deepseek-v3-11_26_25/TiPbO3,
TiPbO3,gpt-4o,2025-07-02,earliest,0.99999951,/home/bingxing2/ailab/xiazeyu_p/Programs/vasp_benchmark/material_evaluator/runs/2025_07_02/relax_gpt-4o-19_54_38/TiPbO3,
TiPbO3,gpt-4o,2025-07-15,latest,0.99999918,/home/bingxing2/ailab/xiazeyu_p/Programs/vasp_benchmark/material_evaluator/runs/2025_07_15/relax_gpt-4o-12_04_02/TiPbO3,
TiPbO3,Qwen,2025-07-03,earliest,0.99997927,/home/bingxing2/ailab/xiazeyu_p/Programs/vasp_benchmark/material_evaluator/runs/2025_07_03/relax_Qwen/Qwen3-32B-04_45_56/TiPbO3,
TiPbO3,Qwen,2025-07-16,latest,0.99999566,/home/bingxing2/ailab/xiazeyu_p/Programs/vasp_benchmark/material_evaluator/runs/2025_07_16/relax_Qwen/Qwen3-32B-02_24_07/TiPbO3,
TiPbO3,o4,2025-07-03,earliest,0.99999994,/home/bingxing2/ailab/xiazeyu_p/Programs/vasp_benchmark/material_evaluator/runs/2025_07_03/relax_o4-mini-00_07_14/TiPbO3,
TiPbO3,o4,2025-07-15,latest,0.99999954,/home/bingxing2/ailab/xiazeyu_p/Programs/vasp_benchmark/material_evaluator/runs/2025_07_15/relax_o4-mini-18_10_53/TiPbO3,
TiPbO3,gemini,2025-07-03,earliest,0.99999978,/home/bingxing2/ailab/xiazeyu_p/Programs/vasp_benchmark/material_evaluator/runs/2025_07_03/relax_gemini-2.5-pro-exp-03-25-08_15_16/TiPbO3,
TiPbO3,gemini,2025-07-23,latest,0.99999979,/home/bingxing2/ailab/xiazeyu_p/Programs/vasp_benchmark/material_evaluator/runs/2025_07_23/relax_gemini-2.5-pro-thinking-00_16_01/TiPbO3,
TiPbO3,claude,2025-07-03,earliest,0.99991105,/home/bingxing2/ailab/xiazeyu_p/Programs/vasp_benchmark/material_evaluator/runs/2025_07_03/relax_claude-3-7-sonnet-thinking-14_50_59/TiPbO3,
TiPbO3,claude,2025-07-16,latest,0.99999933,/home/bingxing2/ailab/xiazeyu_p/Programs/vasp_benchmark/material_evaluator/runs/2025_07_16/relax_claude-3-7-sonnet-thinking-13_33_03/TiPbO3,
Zn,deepseek,2025-07-02,earliest,0.99989172,/home/bingxing2/ailab/xiazeyu_p/Programs/vasp_benchmark/material_evaluator/runs/2025_07_02/relax_deepseek-v3-15_06_29/Zn,
Zn,deepseek,2025-07-15,latest,0.99998773,/home/bingxing2/ailab/xiazeyu_p/Programs/vasp_benchmark/material_evaluator/runs/2025_07_15/relax_deepseek-v3-11_27_40/Zn,
Zn,gpt-4o,2025-07-02,earliest,0.99999830,/home/bingxing2/ailab/xiazeyu_p/Programs/vasp_benchmark/material_evaluator/runs/2025_07_02/relax_gpt-4o-20_52_02/Zn,
Zn,gpt-4o,2025-07-15,latest,0.99998469,/home/bingxing2/ailab/xiazeyu_p/Programs/vasp_benchmark/material_evaluator/runs/2025_07_15/relax_gpt-4o-13_55_09/Zn,
Zn,Qwen,2025-07-16,earliest,0.99999913,/home/bingxing2/ailab/xiazeyu_p/Programs/vasp_benchmark/material_evaluator/runs/2025_07_16/relax_Qwen/Qwen3-32B-13_11_56/Zn,
Zn,o4,2025-07-03,earliest,0.99999646,/home/bingxing2/ailab/xiazeyu_p/Programs/vasp_benchmark/material_evaluator/runs/2025_07_03/relax_o4-mini-02_20_58/Zn,
Zn,o4,2025-07-15,latest,0.99998032,/home/bingxing2/ailab/xiazeyu_p/Programs/vasp_benchmark/material_evaluator/runs/2025_07_15/relax_o4-mini-21_02_47/Zn,
Zn,gemini,2025-06-26,earliest,0.99938454,/home/bingxing2/ailab/xiazeyu_p/Programs/vasp_benchmark/material_evaluator/runs/2025_06_26/relax_gemini-2.5-pro-exp-03-25-20_54_02/Zn,
Zn,gemini,2025-07-23,latest,0.99998599,/home/bingxing2/ailab/xiazeyu_p/Programs/vasp_benchmark/material_evaluator/runs/2025_07_23/relax_gemini-2.5-pro-thinking-00_17_38/Zn,
Zn,claude,2025-07-03,earliest,0.99999679,/home/bingxing2/ailab/xiazeyu_p/Programs/vasp_benchmark/material_evaluator/runs/2025_07_03/relax_claude-3-7-sonnet-thinking-14_52_43/Zn,
Zn,claude,2025-07-16,latest,0.99999428,/home/bingxing2/ailab/xiazeyu_p/Programs/vasp_benchmark/material_evaluator/runs/2025_07_16/relax_claude-3-7-sonnet-thinking-14_49_55/Zn,
